<?xml version="1.0" encoding="utf-8" standalone="no" ?>
<modDesc descVersion="40">
  <author>ZhooL</author>
  <contributors>Continuum, Toryius, boloss</contributors>

  <version>1.6.0.1</version>

  <title>
    <de>EnhancedVehicle</de>
    <en>EnhancedVehicle</en>
    <fr>EnhancedVehicle</fr>
  </title>

  <description>
    <de><![CDATA[Differentialsperren und Antriebsmodi für dein Fahrzeug. Mehr Fahrzeugsdetails im HUD.]]></de>
    <en><![CDATA[Differential locks and wheel drive modes for your vehicle. Shows more vehicle details on HUD.]]></en>
    <fr><![CDATA[Blocages de différentiel et modes de traction des roues pour votre véhicule. Affiche plus de détails sur les véhicules sur le HUD.]]></fr> 
  </description>

  <iconFilename>TSX_EnhancedVehicle.dds</iconFilename>

  <multiplayer supported="true"/>

  <l10n>
    <text name="input_TSX_EnhancedVehicle_FD">
      <de>EV: Differentialsperre Vorderachse an/aus</de>
      <en>EV: Differential lock front axle on/off</en>
      <fr>EV: Verrouillage du différentiel essieu avant on/off</fr>
    </text>
    <text name="input_TSX_EnhancedVehicle_RD">
      <de>EV: Differentialsperre Hinterachse an/aus</de>
      <en>EV: Differential lock rear axle on/off</en>
      <fr>EV: Verrouillage du différentiel essieu arrière on/off</fr>
    </text>
    <text name="input_TSX_EnhancedVehicle_DM">
      <de>EV: Antriebsmodus wechseln</de>
      <en>EV: Change wheel drive mode</en>
      <fr>EV: Changer le mode de traction des roues</fr>
    </text>
    <text name="input_TSX_EnhancedVehicle_SHUTTLE_ONOFF">
      <de>EV: Wendeschaltung an/aus</de>
      <en>EV: Turn driving direction changer on/off</en>
      <fr>EV: Inverseur de sens de marche on/off</fr>
    </text>
    <text name="input_TSX_EnhancedVehicle_SHUTTLE_SWITCH">
      <de>EV: Fahrrichtung wechseln</de>
      <en>EV: Change driving direction</en>
      <fr>EV: Changer le sens de marche</fr>
    </text>
    <text name="input_TSX_EnhancedVehicle_SHUTTLE_FWD">
      <de>EV: Fahrrichtung vorwärts</de>
      <en>EV: forward driving direction</en>
      <fr>EV: Marche avant</fr>
    </text>
    <text name="input_TSX_EnhancedVehicle_SHUTTLE_REV">
      <de>EV: Fahrrichtung rückwärts</de>
      <en>EV: reverse driving direction</en>
      <fr>EV: Marche arrière</fr>
    </text>
    <text name="input_TSX_EnhancedVehicle_SHUTTLE_PARK">
      <de>EV: Parkbremse an/aus</de>
      <en>EV: parking brake on/off</en>
      <fr>EV: Frein de stationnement on/off</fr>
    </text>
    <text name="input_TSX_EnhancedVehicle_AJ_REAR_UPDOWN">
      <de>EV: Hydraulik hinten hoch/runter</de>
      <en>EV: rear hydraulic up/down</en>
      <fr>EV: Lever/baisser le relevage arrière</fr>
    </text>
    <text name="input_TSX_EnhancedVehicle_AJ_REAR_ONOFF">
      <de>EV: Hydraulik hinten an/aus</de>
      <en>EV: rear hydraulic on/off</en>
      <fr>EV: Relevage arrière on/off</fr>
    </text>
    <text name="input_TSX_EnhancedVehicle_AJ_FRONT_UPDOWN">
      <de>EV: Hydraulik vorne hoch/runter</de>
      <en>EV: front hydraulic up/down</en>
      <fr>EV: Lever/baisser le relevage avant</fr>
    </text>
    <text name="input_TSX_EnhancedVehicle_AJ_FRONT_ONOFF">
      <de>EV: Hydraulik vorne an/aus</de>
      <en>EV: front hydraulic on/off</en>
      <fr>EV: Relevage avant on/off</fr>
    </text>
    <text name="input_TSX_EnhancedVehicle_RESET">
      <de>EV: HUD zurücksetzen</de>
      <en>EV: reset HUD</en>
      <fr>EV: Réinitialiser le HUD</fr>
    </text>
    <text name="input_TSX_EnhancedVehicle_RELOAD">
      <de>EV: XML Konfigurationsdatei neu laden</de>
      <en>EV: reload XML config file</en>
      <fr>EV: Recharger le fichier de config XML</fr>
    </text>
  </l10n>

  <actions>
    <action name="TSX_EnhancedVehicle_FD"              category="VEHICLE"/>
    <action name="TSX_EnhancedVehicle_RD"              category="VEHICLE"/>
    <action name="TSX_EnhancedVehicle_DM"              category="VEHICLE"/>
    <action name="TSX_EnhancedVehicle_SHUTTLE_ONOFF"   category="VEHICLE"/>
    <action name="TSX_EnhancedVehicle_SHUTTLE_SWITCH"  category="VEHICLE"/>
    <action name="TSX_EnhancedVehicle_SHUTTLE_FWD"     category="VEHICLE"/>
    <action name="TSX_EnhancedVehicle_SHUTTLE_REV"     category="VEHICLE"/>
    <action name="TSX_EnhancedVehicle_SHUTTLE_PARK"    category="VEHICLE"/>
    <action name="TSX_EnhancedVehicle_AJ_REAR_UPDOWN"  category="VEHICLE"/>
    <action name="TSX_EnhancedVehicle_AJ_REAR_ONOFF"   category="VEHICLE"/>
    <action name="TSX_EnhancedVehicle_AJ_FRONT_UPDOWN" category="VEHICLE"/>
    <action name="TSX_EnhancedVehicle_AJ_FRONT_ONOFF"  category="VEHICLE"/>
    <action name="TSX_EnhancedVehicle_RESET"           category="VEHICLE"/>
    <action name="TSX_EnhancedVehicle_RELOAD"          category="VEHICLE"/>
<!--
    <action name="TSX_DBG1_UP"   category="VEHICLE"/>
    <action name="TSX_DBG1_DOWN" category="VEHICLE"/>
    <action name="TSX_DBG2_UP"   category="VEHICLE"/>
    <action name="TSX_DBG2_DOWN" category="VEHICLE"/>
    <action name="TSX_DBG3_UP"   category="VEHICLE"/>
    <action name="TSX_DBG3_DOWN" category="VEHICLE"/>
-->
  </actions>

  <inputBinding>
    <actionBinding action="TSX_EnhancedVehicle_FD">
      <binding device="KB_MOUSE_DEFAULT" input="KEY_KP_7" axisComponent="+" inputComponent="+" index="2"/>
    </actionBinding>
    <actionBinding action="TSX_EnhancedVehicle_RD">
      <binding device="KB_MOUSE_DEFAULT" input="KEY_KP_8" axisComponent="+" inputComponent="+" index="2"/>
    </actionBinding>
    <actionBinding action="TSX_EnhancedVehicle_DM">
      <binding device="KB_MOUSE_DEFAULT" input="KEY_KP_9" axisComponent="+" inputComponent="+" index="2"/>
    </actionBinding>
    <actionBinding action="TSX_EnhancedVehicle_SHUTTLE_ONOFF">
      <binding device="KB_MOUSE_DEFAULT" input="KEY_lctrl KEY_space" axisComponent="+" inputComponent="+" index="2"/>
    </actionBinding>
    <actionBinding action="TSX_EnhancedVehicle_SHUTTLE_SWITCH">
      <binding device="KB_MOUSE_DEFAULT" input="KEY_space" axisComponent="+" inputComponent="+" index="2"/>
    </actionBinding>
    <actionBinding action="TSX_EnhancedVehicle_SHUTTLE_FWD">
      <binding device="KB_MOUSE_DEFAULT" input="KEY_insert" axisComponent="+" inputComponent="+" index="2"/>
    </actionBinding>
    <actionBinding action="TSX_EnhancedVehicle_SHUTTLE_REV">
      <binding device="KB_MOUSE_DEFAULT" input="KEY_delete" axisComponent="+" inputComponent="+" index="2"/>
    </actionBinding>
    <actionBinding action="TSX_EnhancedVehicle_SHUTTLE_PARK">
      <binding device="KB_MOUSE_DEFAULT" input="KEY_end" axisComponent="+" inputComponent="+" index="2"/>
    </actionBinding>
    <actionBinding action="TSX_EnhancedVehicle_AJ_REAR_UPDOWN">
      <binding device="KB_MOUSE_DEFAULT" input="KEY_lalt KEY_1" axisComponent="+" inputComponent="+" index="2"/>
    </actionBinding>
    <actionBinding action="TSX_EnhancedVehicle_AJ_REAR_ONOFF">
      <binding device="KB_MOUSE_DEFAULT" input="KEY_lalt KEY_2" axisComponent="+" inputComponent="+" index="2"/>
    </actionBinding>
    <actionBinding action="TSX_EnhancedVehicle_AJ_FRONT_UPDOWN">
      <binding device="KB_MOUSE_DEFAULT" input="KEY_lalt KEY_3" axisComponent="+" inputComponent="+" index="2"/>
    </actionBinding>
    <actionBinding action="TSX_EnhancedVehicle_AJ_FRONT_ONOFF">
      <binding device="KB_MOUSE_DEFAULT" input="KEY_lalt KEY_4" axisComponent="+" inputComponent="+" index="2"/>
    </actionBinding>
    <actionBinding action="TSX_EnhancedVehicle_RESET">
      <binding device="KB_MOUSE_DEFAULT" input="KEY_KP_divide" axisComponent="+" inputComponent="+" index="2"/>
    </actionBinding>
    <actionBinding action="TSX_EnhancedVehicle_RELOAD">
      <binding device="KB_MOUSE_DEFAULT" input="KEY_KP_multiply" axisComponent="+" inputComponent="+" index="2"/>
    </actionBinding>
<!--
    <actionBinding action="TSX_DBG1_UP">
      <binding device="KB_MOUSE_DEFAULT" input="KEY_KP_4" axisComponent="+" inputComponent="+" index="2"/>
    </actionBinding>
    <actionBinding action="TSX_DBG1_DOWN">
      <binding device="KB_MOUSE_DEFAULT" input="KEY_KP_1" axisComponent="+" inputComponent="+" index="2"/>
    </actionBinding>
    <actionBinding action="TSX_DBG2_UP">
      <binding device="KB_MOUSE_DEFAULT" input="KEY_KP_5" axisComponent="+" inputComponent="+" index="2"/>
    </actionBinding>
    <actionBinding action="TSX_DBG2_DOWN">
      <binding device="KB_MOUSE_DEFAULT" input="KEY_KP_2" axisComponent="+" inputComponent="+" index="2"/>
    </actionBinding>
    <actionBinding action="TSX_DBG3_UP">
      <binding device="KB_MOUSE_DEFAULT" input="KEY_KP_6" axisComponent="+" inputComponent="+" index="2"/>
    </actionBinding>
    <actionBinding action="TSX_DBG3_DOWN">
      <binding device="KB_MOUSE_DEFAULT" input="KEY_KP_3" axisComponent="+" inputComponent="+" index="2"/>
    </actionBinding>
-->
  </inputBinding>

  <extraSourceFiles>
    <sourceFile filename="TSX_EnhancedVehicle_Register.lua" />
  </extraSourceFiles>

</modDesc>