<?xml version="1.0" encoding="utf-8" standalone="no" ?>
<modDesc descVersion="40">
  <author>ZhooL</author>
  <contributors>Continuum, Toryius</contributors>

  <version>1.5.0.1</version>

  <title>
    <de>EnhancedVehicle</de>
    <en>EnhancedVehicle</en>
  </title>

  <description>
    <de><![CDATA[Differentialsperren und Antriebsmodi für dein Fahrzeug. Mehr Fahrzeugsdetails im HUD.]]></de>
    <en><![CDATA[Differential locks and wheel drive modes for your vehicle. Shows more vehicle details on HUD.]]></en>
  </description>

  <iconFilename>TSX_EnhancedVehicle.dds</iconFilename>

  <multiplayer supported="true"/>

  <l10n>
    <text name="input_TSX_EnhancedVehicle_FD">
      <de>EV: Differentialsperre Vorderachse an/aus</de>
      <en>EV: Differential lock front axle on/off</en>
    </text>
    <text name="input_TSX_EnhancedVehicle_RD">
      <de>EV: Differentialsperre Hinterachse an/aus</de>
      <en>EV: Differential lock back axle on/off</en>
    </text>
    <text name="input_TSX_EnhancedVehicle_DM">
      <de>EV: Antriebsmodus wechseln</de>
      <en>EV: Change wheel drive mode</en>
    </text>
    <text name="input_TSX_EnhancedVehicle_SHUTTLE_ONOFF">
      <de>EV: Wendeschaltung an/aus</de>
      <en>EV: Turn driving direction changer on/off</en>
    </text>
    <text name="input_TSX_EnhancedVehicle_SHUTTLE_SWITCH">
      <de>EV: Fahrrichtung wechseln</de>
      <en>EV: Change drive direction</en>
    </text>
    <text name="input_TSX_EnhancedVehicle_RESET">
      <de>EV: HUD zurücksetzen</de>
      <en>EV: reset HUD</en>
    </text>
    <text name="input_TSX_EnhancedVehicle_RELOAD">
      <de>EV: XML Konfigurationsdatei neu laden</de>
      <en>EV: reload XML config file</en>
    </text>
  </l10n>

  <actions>
    <action name="TSX_EnhancedVehicle_FD"             category="VEHICLE"/>
    <action name="TSX_EnhancedVehicle_RD"             category="VEHICLE"/>
    <action name="TSX_EnhancedVehicle_DM"             category="VEHICLE"/>
    <action name="TSX_EnhancedVehicle_SHUTTLE_ONOFF"  category="VEHICLE"/>
    <action name="TSX_EnhancedVehicle_SHUTTLE_SWITCH" category="VEHICLE"/>
    <action name="TSX_EnhancedVehicle_RESET"          category="VEHICLE"/>
    <action name="TSX_EnhancedVehicle_RELOAD"         category="VEHICLE"/>
<!--
    <action name="TSX_DBG1_UP"   category="VEHICLE"/>
    <action name="TSX_DBG1_DOWN" category="VEHICLE"/>
    <action name="TSX_DBG2_UP"   category="VEHICLE"/>
    <action name="TSX_DBG2_DOWN" category="VEHICLE"/>
    <action name="TSX_DBG3_UP"   category="VEHICLE"/>
    <action name="TSX_DBG3_DOWN" category="VEHICLE"/>
-->
  </actions>

  <inputBinding>
    <actionBinding action="TSX_EnhancedVehicle_FD">
      <binding device="KB_MOUSE_DEFAULT" input="KEY_KP_7" axisComponent="+" inputComponent="+" index="2"/>
    </actionBinding>
    <actionBinding action="TSX_EnhancedVehicle_RD">
      <binding device="KB_MOUSE_DEFAULT" input="KEY_KP_8" axisComponent="+" inputComponent="+" index="2"/>
    </actionBinding>
    <actionBinding action="TSX_EnhancedVehicle_DM">
      <binding device="KB_MOUSE_DEFAULT" input="KEY_KP_9" axisComponent="+" inputComponent="+" index="2"/>
    </actionBinding>
    <actionBinding action="TSX_EnhancedVehicle_SHUTTLE_ONOFF">
      <binding device="KB_MOUSE_DEFAULT" input="KEY_lctrl KEY_space" axisComponent="+" inputComponent="+" index="2"/>
    </actionBinding>
    <actionBinding action="TSX_EnhancedVehicle_SHUTTLE_SWITCH">
      <binding device="KB_MOUSE_DEFAULT" input="KEY_space" axisComponent="+" inputComponent="+" index="2"/>
    </actionBinding>
    <actionBinding action="TSX_EnhancedVehicle_RESET">
      <binding device="KB_MOUSE_DEFAULT" input="KEY_KP_divide" axisComponent="+" inputComponent="+" index="2"/>
    </actionBinding>
    <actionBinding action="TSX_EnhancedVehicle_RELOAD">
      <binding device="KB_MOUSE_DEFAULT" input="KEY_KP_multiply" axisComponent="+" inputComponent="+" index="2"/>
    </actionBinding>
<!--
    <actionBinding action="TSX_DBG1_UP">
      <binding device="KB_MOUSE_DEFAULT" input="KEY_KP_4" axisComponent="+" inputComponent="+" index="2"/>
    </actionBinding>
    <actionBinding action="TSX_DBG1_DOWN">
      <binding device="KB_MOUSE_DEFAULT" input="KEY_KP_1" axisComponent="+" inputComponent="+" index="2"/>
    </actionBinding>
    <actionBinding action="TSX_DBG2_UP">
      <binding device="KB_MOUSE_DEFAULT" input="KEY_KP_5" axisComponent="+" inputComponent="+" index="2"/>
    </actionBinding>
    <actionBinding action="TSX_DBG2_DOWN">
      <binding device="KB_MOUSE_DEFAULT" input="KEY_KP_2" axisComponent="+" inputComponent="+" index="2"/>
    </actionBinding>
    <actionBinding action="TSX_DBG3_UP">
      <binding device="KB_MOUSE_DEFAULT" input="KEY_KP_6" axisComponent="+" inputComponent="+" index="2"/>
    </actionBinding>
    <actionBinding action="TSX_DBG3_DOWN">
      <binding device="KB_MOUSE_DEFAULT" input="KEY_KP_3" axisComponent="+" inputComponent="+" index="2"/>
    </actionBinding>
-->
  </inputBinding>

  <extraSourceFiles>
    <sourceFile filename="TSX_EnhancedVehicle_Register.lua" />
  </extraSourceFiles>

</modDesc>