<?xml version="1.0" encoding="utf-8" standalone="no" ?>
<l10n>
	<texts>
		<text name="EV_KS_warning1" text="Warning: mod conflict detected."/>
		<text name="EV_KS_warning2" text="ShuttleShift can't be used from EnhancedVehicle and KeyboardSteer(KS)/VehicleControlAddon(VCA) the same time."/>
		<text name="EV_KS_warning3" text="If you like to use shuttle control from KS/VCA (recommended):"/>
		<text name="EV_KS_warning4" text="* open the KS/VCA configuration (default: CTRL+C) and set 'Shuttle' to 'On'"/>
		<text name="EV_KS_warning5" text="* open the XML config(*) from EnhancedVehicle, set the variable 'ShuttleIsEnabled' to 'false' and reload config (default: KeyPad *)"/>
		<text name="EV_KS_warning6" text="If you like to use shuttle shift from EnhancedVehicle:"/>
		<text name="EV_KS_warning7" text="* open the KS/VCA configuration (default: CTRL+C) and set 'Shuttle' to 'Off'"/>
		<text name="EV_KS_warning8" text="* open the XML config(*) from EnhancedVehicle, set the variable 'ShuttleIsEnabled' to 'true' and reload config (default: KeyPad *)"/>
		<text name="input_TSX_EnhancedVehicle_FD" text="EV: Differential lock front axle on/off"/>
		<text name="input_TSX_EnhancedVehicle_RD" text="EV: Differential lock rear axle on/off"/>
		<text name="input_TSX_EnhancedVehicle_BD" text="EV: Both differential locks on/off"/>
		<text name="input_TSX_EnhancedVehicle_DM" text="EV: Change wheel drive mode"/>
		<text name="input_TSX_EnhancedVehicle_SHUTTLE_ONOFF" text="EV: Turn driving direction changer on/off"/>
		<text name="input_TSX_EnhancedVehicle_SHUTTLE_SWITCH" text="EV: Change driving direction"/>
		<text name="input_TSX_EnhancedVehicle_SHUTTLE_FWD" text="EV: forward driving direction"/>
		<text name="input_TSX_EnhancedVehicle_SHUTTLE_REV" text="EV: reverse driving direction"/>
		<text name="input_TSX_EnhancedVehicle_SHUTTLE_PARK" text="EV: parking brake on/off"/>
		<text name="input_TSX_EnhancedVehicle_AJ_REAR_UPDOWN" text="EV: rear hydraulic up/down"/>
		<text name="input_TSX_EnhancedVehicle_AJ_REAR_ONOFF" text="EV: rear hydraulic on/off"/>
		<text name="input_TSX_EnhancedVehicle_AJ_FRONT_UPDOWN" text="EV: front hydraulic up/down"/>
		<text name="input_TSX_EnhancedVehicle_AJ_FRONT_ONOFF" text="EV: front hydraulic on/off"/>
		<text name="input_TSX_EnhancedVehicle_RESET" text="EV: reset HUD"/>
		<text name="input_TSX_EnhancedVehicle_RELOAD" text="EV: reload XML config file"/>
	</texts>
</l10n>
