<?xml version="1.0" encoding="utf-8" standalone="no" ?>
<modDesc descVersion="40">
  <author>ZhooL</author>
  <contributors>Continuum, Toryius, boloss, KITT3000, zed636, el_trueno</contributors>

  <version>1.6.4.0</version>

  <title>
    <de>EnhancedVehicle</de>
    <en>EnhancedVehicle</en>
    <fr>EnhancedVehicle</fr>
    <it>EnhancedVehicle</it>
  </title>

  <description>
    <de><![CDATA[Differentialsperren und Antriebsmodi für dein Fahrzeug. Mehr Fahrzeugsdetails im HUD.]]></de>
    <en><![CDATA[Differential locks and wheel drive modes for your vehicle. Shows more vehicle details on HUD.]]></en>
    <fr><![CDATA[Blocages de différentiel et modes de traction des roues pour votre véhicule. Affiche plus de détails sur les véhicules sur le HUD.]]></fr>
    <it><![CDATA[Blocchi ai differenziali e modalità di guida per il tuo veicolo. Maggiori dettagli sul veicolo nell'HUD.]]></it>
    <es><![CDATA[Bloqueo de diferenciales y modos de tracción para tus vehículos. Muestra más detalles del vehículo en el HUD.]]></es>
  </description>

  <iconFilename>TSX_EnhancedVehicle.dds</iconFilename>

  <multiplayer supported="true"/>

  <l10n filenamePrefix="modDesc_l10n"/>

  <actions>
    <action name="TSX_EnhancedVehicle_FD"              category="VEHICLE"/>
    <action name="TSX_EnhancedVehicle_RD"              category="VEHICLE"/>
    <action name="TSX_EnhancedVehicle_BD"              category="VEHICLE"/>
    <action name="TSX_EnhancedVehicle_DM"              category="VEHICLE"/>
    <action name="TSX_EnhancedVehicle_SHUTTLE_ONOFF"   category="VEHICLE"/>
    <action name="TSX_EnhancedVehicle_SHUTTLE_SWITCH"  category="VEHICLE"/>
    <action name="TSX_EnhancedVehicle_SHUTTLE_FWD"     category="VEHICLE"/>
    <action name="TSX_EnhancedVehicle_SHUTTLE_REV"     category="VEHICLE"/>
    <action name="TSX_EnhancedVehicle_SHUTTLE_PARK"    category="VEHICLE"/>
    <action name="TSX_EnhancedVehicle_AJ_REAR_UPDOWN"  category="VEHICLE"/>
    <action name="TSX_EnhancedVehicle_AJ_REAR_ONOFF"   category="VEHICLE"/>
    <action name="TSX_EnhancedVehicle_AJ_FRONT_UPDOWN" category="VEHICLE"/>
    <action name="TSX_EnhancedVehicle_AJ_FRONT_ONOFF"  category="VEHICLE"/>
    <action name="TSX_EnhancedVehicle_RESET"           category="VEHICLE"/>
    <action name="TSX_EnhancedVehicle_RELOAD"          category="VEHICLE"/>
<!--
    <action name="TSX_DBG1_UP"   category="VEHICLE"/>
    <action name="TSX_DBG1_DOWN" category="VEHICLE"/>
    <action name="TSX_DBG2_UP"   category="VEHICLE"/>
    <action name="TSX_DBG2_DOWN" category="VEHICLE"/>
    <action name="TSX_DBG3_UP"   category="VEHICLE"/>
    <action name="TSX_DBG3_DOWN" category="VEHICLE"/>
-->
  </actions>

  <inputBinding>
    <actionBinding action="TSX_EnhancedVehicle_FD">
      <binding device="KB_MOUSE_DEFAULT" input="KEY_KP_7" axisComponent="+" inputComponent="+" index="2"/>
    </actionBinding>
    <actionBinding action="TSX_EnhancedVehicle_RD">
      <binding device="KB_MOUSE_DEFAULT" input="KEY_KP_8" axisComponent="+" inputComponent="+" index="2"/>
    </actionBinding>
    <actionBinding action="TSX_EnhancedVehicle_BD">
      <binding device="KB_MOUSE_DEFAULT" input="" axisComponent="+" inputComponent="+" index="2"/>
    </actionBinding>
    <actionBinding action="TSX_EnhancedVehicle_DM">
      <binding device="KB_MOUSE_DEFAULT" input="KEY_KP_9" axisComponent="+" inputComponent="+" index="2"/>
    </actionBinding>
    <actionBinding action="TSX_EnhancedVehicle_SHUTTLE_ONOFF">
      <binding device="KB_MOUSE_DEFAULT" input="KEY_lctrl KEY_space" axisComponent="+" inputComponent="+" index="2"/>
    </actionBinding>
    <actionBinding action="TSX_EnhancedVehicle_SHUTTLE_SWITCH">
      <binding device="KB_MOUSE_DEFAULT" input="KEY_space" axisComponent="+" inputComponent="+" index="2"/>
    </actionBinding>
    <actionBinding action="TSX_EnhancedVehicle_SHUTTLE_FWD">
      <binding device="KB_MOUSE_DEFAULT" input="KEY_insert" axisComponent="+" inputComponent="+" index="2"/>
    </actionBinding>
    <actionBinding action="TSX_EnhancedVehicle_SHUTTLE_REV">
      <binding device="KB_MOUSE_DEFAULT" input="KEY_delete" axisComponent="+" inputComponent="+" index="2"/>
    </actionBinding>
    <actionBinding action="TSX_EnhancedVehicle_SHUTTLE_PARK">
      <binding device="KB_MOUSE_DEFAULT" input="KEY_end" axisComponent="+" inputComponent="+" index="2"/>
    </actionBinding>
    <actionBinding action="TSX_EnhancedVehicle_AJ_REAR_UPDOWN">
      <binding device="KB_MOUSE_DEFAULT" input="KEY_lalt KEY_1" axisComponent="+" inputComponent="+" index="2"/>
    </actionBinding>
    <actionBinding action="TSX_EnhancedVehicle_AJ_REAR_ONOFF">
      <binding device="KB_MOUSE_DEFAULT" input="KEY_lalt KEY_2" axisComponent="+" inputComponent="+" index="2"/>
    </actionBinding>
    <actionBinding action="TSX_EnhancedVehicle_AJ_FRONT_UPDOWN">
      <binding device="KB_MOUSE_DEFAULT" input="KEY_lalt KEY_3" axisComponent="+" inputComponent="+" index="2"/>
    </actionBinding>
    <actionBinding action="TSX_EnhancedVehicle_AJ_FRONT_ONOFF">
      <binding device="KB_MOUSE_DEFAULT" input="KEY_lalt KEY_4" axisComponent="+" inputComponent="+" index="2"/>
    </actionBinding>
    <actionBinding action="TSX_EnhancedVehicle_RESET">
      <binding device="KB_MOUSE_DEFAULT" input="KEY_KP_divide" axisComponent="+" inputComponent="+" index="2"/>
    </actionBinding>
    <actionBinding action="TSX_EnhancedVehicle_RELOAD">
      <binding device="KB_MOUSE_DEFAULT" input="KEY_KP_multiply" axisComponent="+" inputComponent="+" index="2"/>
    </actionBinding>
<!--
    <actionBinding action="TSX_DBG1_UP">
      <binding device="KB_MOUSE_DEFAULT" input="KEY_KP_4" axisComponent="+" inputComponent="+" index="1"/>
    </actionBinding>
    <actionBinding action="TSX_DBG1_DOWN">
      <binding device="KB_MOUSE_DEFAULT" input="KEY_KP_1" axisComponent="+" inputComponent="+" index="1"/>
    </actionBinding>
    <actionBinding action="TSX_DBG2_UP">
      <binding device="KB_MOUSE_DEFAULT" input="KEY_KP_5" axisComponent="+" inputComponent="+" index="1"/>
    </actionBinding>
    <actionBinding action="TSX_DBG2_DOWN">
      <binding device="KB_MOUSE_DEFAULT" input="KEY_KP_2" axisComponent="+" inputComponent="+" index="1"/>
    </actionBinding>
    <actionBinding action="TSX_DBG3_UP">
      <binding device="KB_MOUSE_DEFAULT" input="KEY_KP_6" axisComponent="+" inputComponent="+" index="1"/>
    </actionBinding>
    <actionBinding action="TSX_DBG3_DOWN">
      <binding device="KB_MOUSE_DEFAULT" input="KEY_KP_3" axisComponent="+" inputComponent="+" index="1"/>
    </actionBinding>
-->
  </inputBinding>

  <extraSourceFiles>
    <sourceFile filename="TSX_EnhancedVehicle_Register.lua" />
  </extraSourceFiles>

</modDesc>